<!DOCTYPE mapper
    PUBLIC "-//mybatis.org//DTD Mapper 3.0//EN"
    "https://mybatis.org/dtd/mybatis-3-mapper.dtd">

<mapper namespace="com.lgy.pet_platform_2.dao.UserDAO">

    <insert id="write" parameterType="hashmap">
    	insert into users(user_id, password, user_name, nickname, phone_number, email, address)
    					 values(#{user_id},#{password},#{user_name},#{nickname},#{phone_number},#{email},#{address})
    </insert>
    
    <select id="loginYn" resultType="com.lgy.pet_platform_2.dto.UserDTO">
        select password from users where user_id=#{user_id}
    </select>
    
<!--     <select id="getUserInfo" parameterType="string" resultType="hashmap"> -->
<!-- 		SELECT * FROM users WHERE user_id = #{user_id} -->
<!-- 	</select> -->
	<select id="getUserInfo" parameterType="string" resultType="com.lgy.pet_platform_2.dto.UserDTO">
        SELECT *
        FROM users
        WHERE user_id = #{user_id}
    </select>
    
	<select id="idCheck" parameterType="string" resultType="int"> 
		SELECT COUNT(*) FROM users WHERE user_id = #{user_id} 
	</select>
	<select id="nickCheck" parameterType="string" resultType="int"> 
		SELECT COUNT(*) FROM users WHERE nickname = #{nick} 
	</select>

    <update id="updateUserInfo" parameterType="com.lgy.pet_platform_2.dto.UserDTO">
        UPDATE users
        SET user_name = #{user_name},
<!--             password = #{password}, -->
            phone_number = #{phone_number},
            email = #{email},
            address = #{address},
            nickname = #{nickname}
        WHERE user_id = #{user_id}
    </update>
<!-- 회원 탈퇴 -->
<delete id="deleteUser" parameterType="String">
    DELETE FROM users WHERE user_id = #{userId}
</delete>

</mapper>